{
    "clean_acc": 52.248406345068794,
    "pgd_20": 27.952915291163688,
    "autoattack": 11.23563713406997,
    "ethresh": 0.17622460641438006,
    "dprime": 2.7521332894042767,
    "car_acc": 56.98873542718537,
    "truck_acc": 77.44274929187605
}