{
    "clean_acc": 52.848357076505614,
    "pgd_20": 28.058520709648647,
    "autoattack": 11.429537707620138,
    "ethresh": 0.19261514928204013,
    "dprime": 2.7433169325055333,
    "car_acc": 58.76586304305082,
    "truck_acc": 79.57921281550739
}