{
    "clean_acc": 52.34248030517918,
    "pgd_20": 28.277569015020514,
    "autoattack": 11.309574680303658,
    "ethresh": 0.18255797654688508,
    "dprime": 2.740900943136518,
    "car_acc": 58.60818665327948,
    "truck_acc": 79.86426106348839
}