{
    "clean_acc": 53.482026172983836,
    "pgd_20": 28.22004716251017,
    "autoattack": 11.495747596821149,
    "ethresh": 0.1962044659960073,
    "dprime": 2.7853511598029996,
    "car_acc": 58.02272212012359,
    "truck_acc": 78.95008841752559
}