{
    "clean_acc": 52.38414073984415,
    "pgd_20": 27.682137809651284,
    "autoattack": 11.362314133501258,
    "ethresh": 0.18493382560042643,
    "dprime": 2.776994154550638,
    "car_acc": 59.298152738502495,
    "truck_acc": 77.17010396659302
}