{
    "clean_acc": {
        "mean": 52.661082127916316,
        "median": 52.38414073984415,
        "std": 0.5141804126784019,
        "min": 52.248406345068794,
        "max": 53.482026172983836,
        "ci_95": 0.45069900333553814
    },
    "pgd_20": {
        "mean": 28.038237997598863,
        "median": 28.058520709648647,
        "std": 0.23708258310325556,
        "min": 27.682137809651284,
        "max": 28.277569015020514,
        "ci_95": 0.20781204666324798
    },
    "autoattack": {
        "mean": 11.366562250463236,
        "median": 11.362314133501258,
        "std": 0.10131852948836705,
        "min": 11.23563713406997,
        "max": 11.495747596821149,
        "ci_95": 0.08880960677199183
    },
    "ethresh": {
        "mean": 0.1865072047679478,
        "median": 0.18493382560042643,
        "std": 0.007986670394477273,
        "min": 0.17622460641438006,
        "max": 0.1962044659960073,
        "ci_95": 0.007000625263047008
    },
    "dprime": {
        "mean": 2.759739295879993,
        "median": 2.7521332894042767,
        "std": 0.02022453095101068,
        "min": 2.740900943136518,
        "max": 2.7853511598029996,
        "ci_95": 0.017727582999647273
    },
    "car_acc": {
        "mean": 58.336731996428355,
        "median": 58.60818665327948,
        "std": 0.8800380506403747,
        "min": 56.98873542718537,
        "max": 59.298152738502495,
        "ci_95": 0.7713873623751657
    },
    "truck_acc": {
        "mean": 78.60128311099808,
        "median": 78.95008841752559,
        "std": 1.2312188382584035,
        "min": 77.17010396659302,
        "max": 79.86426106348839,
        "ci_95": 1.0792108948694505
    }
}