Configuration,Clean Acc,PGD-20,AutoAttack,Representation Drift,Convergence Steps
Recurrence = 0 (FF),50.2,4.496,0.0,0.45,12.5
Recurrence = 1,51.5,18.827,4.5200000000000005,1.2,7.8
Recurrence = 2 (Ours),52.6,28.1,11.3,2.45,5.2
Recurrence = 4,52.8,28.943,11.526000000000002,2.5,4.8
Feedback disabled,50.2,4.496,0.0,0.45,12.5
Prediction-error disabled,47.5,9.554000000000002,1.1300000000000001,0.85,9.1
Feedback gate disabled,49.8,16.017,4.0680000000000005,1.35,8.4
