Model,Mean Drift,Median Drift,Variance,KS-statistic,KS-pvalue,EMD
ResNet-18,12.563434313506288,12.583584263856286,3.9639359163652164,0.9999999956593862,0.0,12.563434313506288
ViT-Small,8.458757884916919,8.447183665190728,2.2608381423240176,0.9999556130978612,0.0,8.458757884916919
RHAN (Ours),3.2044595803636637,3.2014764371071713,0.6032513319503916,0.939689751747145,0.0,3.2044595803636637
