Comparison,t_stat,p_value,wilcoxon_p,bootstrap_ci,cohens_d,adj_p_value,Significant?
RHAN vs RESNET,250.85644245791178,1.5149706068901756e-09,0.0625,"[11.291, 11.443]",158.6555447787938,2.2724559103352633e-09,Yes
RHAN vs VIT,141.0600324905807,1.514920487101688e-08,0.0625,"[9.866, 10.059]",114.07898681455914,1.514920487101688e-08,Yes
RHAN vs EFFICIENTNET,250.85644245791178,1.5149706068901756e-09,0.0625,"[11.291, 11.445]",158.6555447787938,2.2724559103352633e-09,Yes
